{"cameraMode":{"drawMode":0,"name":"Shaded","section":"Shading Mode"},"sceneLighting":false,"audioPlay":false,"sceneViewState":{"m_AlwaysRefresh":false,"showFog":true,"showSkybox":false,"showFlares":true,"showImageEffects":true,"showParticleSystems":true,"showVisualEffectGraphs":true,"m_FxEnabled":true},"in2DMode":false,"pivot":{"x":-0.13722564280033112,"y":0.12338632345199585,"z":-0.2965308129787445},"rotation":{"x":-0.1770705133676529,"y":0.8218905329704285,"z":-0.4049648344516754,"w":-0.35937169194221499},"size":4.087945461273193,"orthographic":false}