{"cameraMode":{"drawMode":0,"name":"Shaded","section":"Shading Mode"},"sceneLighting":false,"audioPlay":false,"sceneViewState":{"m_AlwaysRefresh":false,"showFog":false,"showSkybox":false,"showFlares":false,"showImageEffects":false,"showParticleSystems":false,"showVisualEffectGraphs":true,"m_FxEnabled":true},"in2DMode":false,"pivot":{"x":-0.9799615740776062,"y":1.554757833480835,"z":1.0830626487731934},"rotation":{"x":0.19376713037490846,"y":0.05496187508106232,"z":-0.010843493044376374,"w":0.9794561862945557},"size":1.7846142053604127,"orthographic":false}