{"cameraMode":{"drawMode":0,"name":"Shaded","section":"Shading Mode"},"sceneLighting":true,"audioPlay":false,"sceneViewState":{"m_AlwaysRefresh":false,"showFog":true,"showSkybox":true,"showFlares":true,"showImageEffects":true,"showParticleSystems":true,"showVisualEffectGraphs":true,"m_FxEnabled":true},"in2DMode":false,"pivot":{"x":-11.803717613220215,"y":20.153684616088868,"z":14.451068878173829},"rotation":{"x":-0.6320074796676636,"y":0.01581435836851597,"z":-0.012901662848889828,"w":-0.7746958136558533},"size":0.9268314838409424,"orthographic":false}