{"cameraMode":{"drawMode":0,"name":"Shaded","section":"Shading Mode"},"sceneLighting":true,"audioPlay":false,"sceneViewState":{"m_AlwaysRefresh":false,"showFog":true,"showSkybox":true,"showFlares":true,"showImageEffects":true,"showParticleSystems":true,"showVisualEffectGraphs":true,"m_FxEnabled":true},"in2DMode":false,"pivot":{"x":51.383262634277347,"y":92.29532623291016,"z":9.461629867553711},"rotation":{"x":0.20176056027412415,"y":-0.7806612253189087,"z":0.31435176730155947,"w":0.5010460615158081},"size":0.12444271147251129,"orthographic":false}